frame,x,y
0,527.7042062415197 275.91316146540026 784.3446404341927 523.3837535014005 251.96842105263158 456.18404907975463 634.1783536585366 828.8054711246201 521.6200317965024 277.9102990033223 740.5669934640523 518.4991789819376,112.55223880597015 116.35549525101764 122.1696065128901 203.30532212885154 372.0571428571429 375.70245398773005 378.4237804878049 399.1565349544073 488.1335453100159 575.8554817275748 585.7173202614379 585.5270935960591
1,527.6210235131397 276.1373092926491 784.1798063623789 523.336690647482 252.02472952086552 456.297213622291 634.2377300613497 828.6646058732612 521.6243980738362 277.83779264214047 740.6135986733002 518.5226130653266,113.67496542185339 117.500693481276 123.3015214384509 204.87913669064747 374.5455950540958 378.35603715170276 381.0276073619632 401.94744976816077 491.30176565008026 579.7976588628762 589.6152570480929 589.5075376884422
2,527.896700143472 277.0142653352354 783.8153409090909 523.6710914454277 252.52063492063493 456.6099518459069 634.4619047619047 828.5736925515056 521.9253731343283 278.06174957118355 741.0633561643835 518.8490566037735,116.3974175035868 120.1283880171184 125.96732954545455 208.24188790560473 379.55396825396826 383.4975922953451 386.24285714285713 407.2107765451664 497.7910447761194 587.3070325900514 597.2808219178082 597.271012006861
3,527.671511627907 277.06222865412445 783.1206395348837 523.3654135338346 252.43017656500803 456.3851132686084 634.1217948717949 828.3155339805825 521.6206322795341 277.8200692041523 740.8494809688582 518.5106007067138,118.68023255813954 122.3849493487699 128.38226744186048 211.16691729323307 384.09470304975923 388.042071197411 390.6826923076923 411.9190938511327 503.56239600665555 594.136678200692 604.1695501730104 604.1519434628975
4,527.820395738204 277.8140243902439 782.6217054263566 523.5544871794872 252.72361809045225 456.72278911564626 634.0710659898477 828.1252115059222 521.8031358885017 277.77477477477476 741.1324863883848 518.5547309833024,122.11872146118722 126.03353658536585 131.91782945736435 215.22916666666666 390.1708542713568 394.1751700680272 396.8527918781726 418.2876480541455 511.2247386759582 603.0990990990991 613.2141560798548 613.3988868274582
5,527.795665634675 278.3044822256569 782.1747269890795 523.5255591054313 252.95068027210885 456.72033898305085 634.168918918919 828.160744500846 521.7797202797203 277.69658886894075 741.1281588447654 518.5643382352941,124.77399380804954 128.7496136012365 134.61310452418095 218.5367412140575 394.79931972789115 398.9949152542373 401.6841216216216 423.1844331641286 517.1066433566433 610.0053859964094 619.9404332129964 620.3088235294117
6,527.4721362229102 278.42 781.2419601837672 523.163723916533 252.89447236180905 456.3322091062395 633.7265100671141 827.6381909547739 521.49378330373 277.3151183970856 740.9283154121864 518.3720073664825,127.89473684210526 131.75538461538463 137.71516079632465 222.26324237560192 399.9179229480737 404.2074198988196 406.8993288590604 428.49078726968173 523.5310834813499 617.4499089253187 627.5268817204301 627.8195211786372
7,527.7029548989113 279.24228395061726 780.9859375 523.4467408585056 253.20840336134455 456.7766497461929 633.9512605042016 827.7140439932318 521.8260105448155 277.3850364963504 741.4205776173285 518.6094032549729,131.49922239502334 135.5185185185185 141.4171875 226.55484896661366 405.89747899159664 410.155668358714 412.85546218487394 434.76818950930624 530.7996485061511 625.7974452554745 635.7815884476535 636.3254972875226
8,527.8152671755726 279.58435582822085 780.7673343605547 523.5845181674565 253.53949579831934 456.89112227805697 634.0268907563026 827.7318718381113 521.9440559440559 277.524500907441 741.625 518.7114337568058,133.18320610687022 137.16564417177915 143.22342064714945 228.5086887835703 408.67899159663864 413.0117252931323 415.7798319327731 437.7571669477234 534.236013986014 629.8185117967332 639.9875 640.4954627949184
9,527.6539050535988 280.0423600605144 780.0830769230769 523.3810264385692 253.57 456.7090301003345 633.8488372093024 827.4165289256198 521.7053726169844 277.05150976909414 741.6289752650176 518.5688405797101,137.2251148545176 141.1089258698941 147.2723076923077 233.1772939346812 414.87 419.32441471571906 422.00830564784053 444.05785123966945 541.9202772963605 638.7495559502664 648.8480565371025 649.3913043478261
10,527.4101382488479 280.3353658536585 779.1705069124424 523.035769828927 253.4141914191419 456.3823038397329 633.4844517184943 827.0083194675541 521.4024179620035 276.67201426024957 741.5545774647887 518.2688172043011,141.4500768049155 145.6951219512195 151.64362519201228 238.1244167962675 421.4026402640264 425.8781302170284 428.47299509001635 450.89850249584026 549.8911917098445 647.7575757575758 658.0845070422536 658.5448028673835
11,527.4751552795032 280.7947932618683 779.06 523.2843601895735 253.6297520661157 456.5654362416107 633.4783333333334 827.0200668896321 521.6868512110726 276.70125223613593 741.8152753108349 518.3971119133574,143.85093167701862 147.93261868300152 154.0046153846154 240.66666666666666 424.71570247933886 429.33053691275165 431.945 454.26421404682276 553.6920415224913 652.4615384615385 662.6021314387211 663.4494584837545
12,527.8865030674847 281.59090909090907 778.7206790123457 523.5211267605633 254.21452145214522 456.9567387687188 633.815660685155 827.4196721311475 521.9864406779661 276.84656084656086 742.351304347826 518.8386524822695,148.41104294478527 152.6909090909091 158.6851851851852 245.8967136150235 431.33498349834986 436.108153078203 438.6916802610114 461.1344262295082 561.8694915254238 661.7231040564374 671.8678260869565 672.6950354609929
13,527.7578616352201 281.90895061728395 778.340625 523.5746388443017 254.30383973288815 456.95454545454544 633.8462837837837 827.2262895174708 521.9479166666666 276.6934046345811 742.4387211367673 518.799645390071,150.77201257861634 154.93055555555554 161.1046875 248.41252006420547 434.57262103505843 439.34343434343435 441.89864864864865 464.414309484193 565.6631944444445 666.060606060606 676.380106571936 677.1719858156029
14,527.3452012383901 282.0752688172043 777.4444444444445 523.1768388106416 253.99671052631578 456.56600660066005 633.2132231404959 826.6206896551724 521.5401709401709 276.1035087719298 742.1542461005199 518.2973451327433,155.72445820433435 160.00921658986175 165.9969135802469 253.8435054773083 441.3930921052632 446.37293729372936 448.8446280991736 471.54679802955667 573.8410256410257 675.4543859649123 685.5927209705372 686.4955752212389
15,527.3131955484897 282.3391167192429 777.1340694006309 523.1057692307693 254.05862646566163 456.6170568561873 633.325 826.5922818791946 521.5435540069686 276.01960784313724 742.2884955752212 518.3938848920864,158.45468998410175 162.64668769716087 168.66876971608832 256.71634615384613 444.95644891122276 450.056856187291 452.45666666666665 475.2281879194631 578.006968641115 680.030303030303 690.2973451327433 691.339928057554
16,527.7059748427673 283.20314960629923 776.9045383411581 523.520634920635 254.46381578947367 457.08291873963515 633.6138613861386 826.9451827242525 521.8630136986301 276.0732984293194 742.9514731369151 518.7142857142857,163.3930817610063 167.55590551181103 173.6697965571205 262.16190476190474 451.43092105263156 456.4892205638474 458.98514851485146 481.9468438538206 585.5890410958904 688.7731239092495 698.94280762565 700.0546737213404
17,527.5839874411303 283.5716535433071 776.4882629107981 523.4992101105845 254.7860696517413 457.10738255033556 633.5073891625616 826.9534109816972 521.9470085470085 276.00174216027875 743.1066433566433 518.8,166.0879120879121 170.44251968503937 176.48513302034428 265.00631911532383 455.0480928689884 460.05536912751677 462.54679802955667 485.5773710482529 589.7811965811966 693.3885017421603 703.6241258741259 704.7684210526315
18,527.4581358609795 283.81903276131044 775.7332293291731 523.2312599681021 254.55666666666667 456.90452261306535 633.3731587561375 826.4810543657331 521.719387755102 275.39930555555554 743.1174438687392 518.6625874125874,171.4091627172196 175.78939157566302 181.82215288611545 270.61881977671453 461.6066666666667 466.99497487437185 469.36988543371524 492.4431630971993 597.6836734693877 702.2934027777778 712.4697754749568 713.8391608391609
19,527.426517571885 284.09220985691576 775.448 523.1761827079935 254.58597662771285 456.77946127946126 633.2757475083057 826.5166112956811 521.6586206896552 275.34736842105264 743.2534722222222 518.5231316725979,174.30351437699682 178.6248012718601 184.6944 273.7226753670473 465.2721202003339 470.57744107744105 472.86378737541526 496.1179401993355 601.6310344827587 706.8333333333334 716.9548611111111 718.3362989323844
20,527.5321821036107 284.78660436137073 775.0765625 523.4112 254.8474295190713 457.1208609271523 633.3977086743045 826.6798679867986 521.8375634517766 275.15318416523235 743.7770154373928 518.8382099827883,179.93406593406593 184.24143302180684 190.2828125 279.512 471.9585406301824 477.34437086092714 479.68412438625205 503.02145214521454 609.5532994923858 715.7039586919105 725.8885077186964 727.2426850258175
21,527.5977917981072 285.11598746081506 774.8775510204082 523.4936305732484 254.990099009901 457.118530884808 633.437908496732 826.6408566721582 521.9474576271186 275.1286449399657 743.9619377162629 518.8062283737024,182.90851735015772 187.217868338558 193.26373626373626 282.6019108280255 475.55115511551156 481.02170283806345 483.34150326797385 506.67874794069195 613.6135593220339 720.1955403087478 730.30276816609 731.8217993079585
22,527.547433903577 285.59627329192546 774.348367029549 523.3643533123028 255.12561174551388 457.2435483870968 633.4105431309904 826.5557350565429 521.8825503355705 274.91850594227503 744.1986531986532 518.8401360544218,188.47589424572317 192.88975155279502 198.96889580093313 288.4637223974763 482.2920065252855 487.65806451612906 489.8801916932907 513.4798061389338 621.1392617449665 728.6095076400679 738.8569023569023 740.4268707482993
23,527.5181102362204 285.8726708074534 773.9041731066461 523.4079365079365 255.1172638436482 457.2062193126023 633.3828756058158 826.5334420880913 521.975 274.7027027027027 744.306779661017 518.8003412969283,191.73543307086615 196.07919254658384 202.0741885625966 291.64920634920634 485.7035830618893 491.2962356792144 493.5605815831987 517.0799347471452 625.19 733.1114864864865 743.1491525423729 744.8788395904437
24,527.4415156507414 286.24183006535947 773.3723228995058 523.1976935749589 255.00511073253833 456.9344827586207 633.2197614991483 826.4814814814815 521.8181818181819 274.2857142857143 744.6003521126761 518.6613475177305,197.835255354201 202.22875816993465 208.31136738056014 297.79406919275124 492.6831345826235 498.5431034482759 500.62862010221465 524.1649831649831 632.9405594405595 741.9594356261023 752.0088028169014 753.7056737588653
25,527.4817275747508 286.480198019802 773.0960912052117 523.2661157024793 255.16354344122658 457.1239388794567 633.3701188455009 826.5808080808081 521.8728222996516 274.19473684210527 744.9340277777778 518.6806282722513,200.8936877076412 205.14521452145215 211.3973941368078 300.97355371900824 496.11073253833047 501.94057724957554 504.10526315789474 527.6969696969697 636.8763066202091 746.0842105263158 756.1527777777778 758.0314136125654
26,527.5066225165563 287.112582781457 772.6970198675497 523.3643926788685 255.20962199312714 457.18213058419246 633.3996598639455 826.5294117647059 522.0104166666666 273.90685413005275 745.1241258741259 518.8712522045855,207.23509933774835 211.5248344370861 217.52814569536423 307.414309484193 502.98797250859104 508.8659793814433 510.9812925170068 534.7579831932773 644.4652777777778 754.5149384885765 764.5314685314685 766.3985890652557
27,527.5289256198347 287.33554817275746 772.5190082644629 523.3803278688524 255.32656514382404 457.2555366269165 633.4280879864637 826.6796610169491 522.046875 273.88368055555554 745.4658493870403 518.8857644991213,210.53223140495868 214.93355481727573 220.6495867768595 310.6016393442623 506.61928934010155 512.5962521294718 514.7817258883249 538.3474576271186 648.5763888888889 759.0034722222222 768.9492119089317 770.8927943760984
28,527.5478547854785 287.9450915141431 772.0663349917081 523.5166666666667 255.46452702702703 457.2930153321976 633.3305084745763 826.7249575551783 521.9600694444445 273.6024518388792 745.8676975945017 518.8986013986014,216.63531353135315 221.10648918469218 227.1608623548922 316.77166666666665 513.3699324324324 519.2385008517888 521.1864406779661 545.1477079796265 655.8246527777778 766.9597197898424 776.955326460481 778.9685314685315
29,527.4446308724832 287.9834710743802 771.7131011608624 523.4492512479202 255.3344768439108 457.26153846153846 633.2699490662139 826.7741935483871 522.0225694444445 273.1751313485114 746.0535405872193 518.8675958188153,220.09228187919464 224.55371900826447 230.60862354892205 320.1830282861897 516.9176672384219 522.8735042735043 524.8964346349745 548.7877758913413 659.8020833333334 771.2381786339755 781.2176165803108 783.2665505226481
30,527.4958263772955 288.4776859504132 771.2745424292846 523.395 255.45622895622895 457.2679180887372 633.4198988195616 826.7881355932203 521.9792387543253 272.94097222222223 746.3356282271945 518.9256055363322,226.90317195325542 231.29090909090908 237.1946755407654 326.96666666666664 523.8013468013468 529.9488054607508 531.9881956155143 555.7508474576272 667.3806228373702 779.4756944444445 789.3356282271945 791.6453287197232
31,527.5993377483444 288.9016393442623 771.1225165562914 523.6033333333334 255.5942275042445 457.3885135135135 633.4917218543046 826.9882352941177 522.1025641025641 272.9065743944637 746.8805460750854 519.0397236614854,230.15728476821192 234.51475409836067 240.4337748344371 330.1066666666667 527.1578947368421 533.3057432432432 535.3211920529801 559.09243697479 670.9538461538461 783.3806228373702 793.2133105802047 795.5233160621761
32,527.7524752475248 289.5121951219512 770.7825370675453 523.7412935323383 255.75671140939596 457.612582781457 633.6617405582923 827.2310231023102 522.2680067001675 272.58178752107926 747.3277591973244 519.1723549488055,237.12706270627064 241.6569105691057 247.59308072487644 337.0547263681592 534.3674496644295 540.5298013245033 542.4942528735633 566.2640264026403 678.750418760469 791.779089376054 801.6220735785953 803.9044368600682
33,527.5430463576159 289.5863787375415 770.3671096345515 523.4958677685951 255.51945854483927 457.37142857142857 633.5260504201681 826.9816360601002 522.0611205432937 272.09199318568994 747.2588235294118 519.0034129692833,240.6291390728477 245.0730897009967 251.01661129568106 340.4413223140496 537.7901861252116 543.9966386554622 546.0084033613446 569.8180300500835 682.3921901528014 795.7359454855196 805.6151260504201 807.9709897610921
34,527.2222222222222 289.4075907590759 769.8653530377668 523.2610837438424 255.18166666666667 457.1507537688442 633.1471074380165 826.8153078202995 521.8600337268128 271.71932773109245 747.181512605042 518.8260135135135,243.99170812603649 248.46039603960395 254.43021346469624 343.6600985221675 540.925 547.3902847571189 549.2677685950413 573.0066555740433 685.9696458684655 799.4453781512605 809.2672268907563 811.7077702702703
35,527.4700162074554 290.01967213114756 769.5373376623377 523.415986949429 255.37891268533772 457.3371522094926 633.4271685761047 827.0498338870432 522.0643564356436 271.4742951907131 747.8585690515807 518.981512605042,251.16531604538088 255.6081967213115 261.52435064935065 350.5562805872757 548.0560131795717 554.4009819967267 556.2978723404256 580.0813953488372 693.3927392739274 807.334991708126 817.0665557404326 819.6319327731093
36,527.6401326699835 290.6523178807947 769.3719008264463 523.610197368421 255.71973466003317 457.4438943894389 633.6937086092715 827.3687707641196 522.3866666666667 271.2279534109817 748.6019900497513 519.1966666666667,258.5688225538972 262.96854304635764 268.8512396694215 357.6743421052632 555.0679933665008 561.5049504950495 563.5049668874173 587.1229235880398 700.78 815.3311148086523 824.9021558872305 827.525
37,527.5664451827242 290.85502471169684 769.2224052718286 523.5728476821192 255.61322314049588 457.4841402337229 633.6892561983472 827.4148760330579 522.3422370617697 271.05 748.6181818181818 519.1624790619766,262.3455149501661 266.5650741350906 272.52388797364085 361.17715231788077 558.5702479338843 565.0217028380634 566.7801652892562 590.6859504132232 704.3856427378965 819.08 828.5834710743802 831.2294807370184
38,527.4483333333334 291.0634390651085 768.5797342192691 523.4792703150912 255.43822075782538 457.25252525252523 633.6354679802955 827.4490131578947 522.2320534223707 270.4726368159204 749.0540983606558 519.0619765494138,269.4533333333333 273.9465776293823 279.72591362126246 368.16915422885575 565.3838550247117 571.8232323232323 573.6190476190476 597.4671052631579 711.49081803005 826.5538971807629 836.1409836065574 838.961474036851
39,527.3752066115702 291.1685950413223 768.3092105263158 523.450495049505 255.28995057660626 457.300826446281 633.5765472312704 827.4910569105691 522.0863787375415 270.11348684210526 749.2939244663382 519.0794701986755,273.4677685950413 277.8776859504132 283.6381578947368 371.87293729372936 568.9192751235585 575.596694214876 577.4022801302932 601.0959349593496 715.2325581395348 830.3980263157895 840.0262725779967 842.8973509933775
40,527.825 291.9983277591973 768.2123745819398 523.8901830282862 255.64203612479474 457.71 633.9191419141914 827.9143327841845 522.5442404006678 270.0464344941957 750.0181219110378 519.4643449419569,280.745 285.09197324414714 290.9046822742475 378.77703826955076 575.4794745484401 582.245 583.8811881188119 607.6392092257001 721.9465776293823 837.4676616915423 846.9785831960461 849.8291873963516
41,527.7516666666667 292.0966666666667 768.1057046979865 523.7256198347108 255.7379767827529 457.72561983471076 634.0522875816994 828.0542763157895 522.5644371941272 269.88360655737705 750.4115755627009 519.5,284.53333333333336 288.8333333333333 294.7936241610738 382.36694214876036 578.9900497512438 585.5685950413223 587.3611111111111 610.9769736842105 725.4649265905383 841.0426229508197 850.5819935691318 853.5
42,527.5872483221476 292.2610169491525 767.6621621621622 523.730964467005 255.39327731092436 457.55536912751677 633.933774834437 828.09 522.5 269.1794019933555 750.7021276595744 519.3871499176277,292.55536912751677 296.88305084745764 302.7128378378378 389.9543147208122 586.0789915966386 592.9093959731543 594.6556291390729 618.0983333333334 732.7333333333333 848.7707641196014 858.2176759410802 861.1433278418451
43,527.4721753794266 292.33887043189367 767.3622704507512 523.4867109634552 255.23228995057661 457.3702479338843 633.8216039279869 827.9983660130719 522.3184818481848 268.76480263157896 750.7913322632423 519.3110749185668,296.1989881956155 300.51661129568106 306.3422370617696 393.3554817275747 589.2602965403624 596.1223140495867 597.7430441898528 621.1960784313726 735.983498349835 851.9769736842105 861.3675762439807 864.4022801302932
44,527.5315161839864 292.77386934673365 767.0472175379426 523.5659432387312 255.26158940397352 457.5016835016835 633.9373970345964 828.2565789473684 522.3735537190082 268.3218954248366 751.4269480519481 519.3973941368079,304.1805792163543 308.50083752093803 314.2259696458685 400.80300500834727 596.2135761589404 603.0050505050505 604.7281713344316 628.172697368421 742.9173553719008 859.031045751634 868.4415584415584 871.4885993485342
45,527.6448911222781 293.02666666666664 767.0100840336135 523.6518151815181 255.2829268292683 457.53355155482814 634.2081300813009 828.5056726094003 522.5064516129032 268.3086816720257 751.7255216693419 519.5370967741935,308.15577889447235 312.4633333333333 318.0655462184874 404.57095709570956 599.6747967479674 606.4795417348608 608.1691056910569 631.5008103727715 746.2967741935483 862.5868167202573 871.7913322632423 875.0387096774193
46,527.7389830508474 293.46345514950167 766.72 523.8023255813954 255.39443535188215 457.58347107438016 634.312091503268 828.7967479674796 522.6737357259381 267.8848 752.4322169059011 519.5707395498392,316.1152542372881 320.4651162790698 326.11 411.921926910299 606.4860883797054 613.3206611570248 614.9477124183006 638.2065040650407 752.9706362153344 869.3488 878.4401913875598 881.725080385852
47,527.7689713322092 293.566889632107 766.5892255892256 523.825 255.28711256117455 457.59609120521174 634.3496732026143 828.8566827697263 522.7166392092257 267.5936 752.7344992050874 519.6330128205128,319.8988195615514 324.3628762541806 329.83838383838383 415.49666666666667 609.5530179445351 616.5195439739414 617.9722222222222 641.3752012882447 755.9752883031301 872.3376 881.4833068362481 884.8076923076923
48,527.6969178082192 293.7825342465753 766.2161234991423 523.7775891341256 255.03171953255426 457.56456953642385 634.4072249589491 829.3387622149837 522.7185430463576 267.064 753.3178913738019 519.6514657980456,328.23972602739724 332.66267123287673 338.24528301886795 423.16129032258067 616.6878130217028 623.615894039735 625.2660098522167 648.4332247557003 762.9784768211921 879.44 888.5223642172524 891.7980456026058
49,527.6786324786325 294.0101694915254 766.0286677908938 523.8710217755444 255.00663349917082 457.61397670549087 634.4575163398692 829.3646677471637 522.7226753670473 266.7223113964687 753.5624012638231 519.520634920635,332.25299145299147 336.6423728813559 342.21079258010116 427.00670016750416 619.8126036484246 626.9467554076539 628.4411764705883 651.5316045380875 766.2398042414355 882.6147672552167 891.5466034755134 894.9857142857143
50,527.80204778157 294.4966216216216 765.8163265306123 523.8703703703703 255.18760195758566 457.68046357615896 634.5537459283388 829.6188925081433 522.8222940226171 266.4015873015873 754.311320754717 519.6741573033707,340.64846416382255 344.78547297297297 350.30272108843536 434.6060606060606 626.5889070146819 633.5927152317881 634.9690553745928 658.0618892508144 772.4959612277868 888.7603174603174 897.566037735849 901.2423756019261
51,527.7925170068028 294.571186440678 765.8084745762712 523.9816360601002 254.98519736842104 457.71004942339374 634.7066450567261 829.8112903225806 522.9250814332247 266.1324921135647 754.6031496062992 519.875,344.77891156462584 348.97627118644067 354.56610169491523 438.34056761268783 629.9243421052631 636.9604612850083 638.4408427876823 661.3725806451613 775.6872964169381 892.1135646687698 900.8251968503937 904.4762658227849
52,527.6862068965518 294.59067357512953 765.7286689419795 523.917089678511 254.81788079470198 457.65890183028284 634.7528830313015 830.0130718954248 522.9123966942149 265.7964458804523 755.0258899676376 519.8215434083602,348.8758620689655 353.12262521588946 358.58191126279866 442.0693739424704 633.1804635761589 640.2895174708818 641.7232289950576 664.5147058823529 778.7917355371901 895.184168012924 903.8608414239483 907.5048231511254
53,527.5724137931035 294.7741379310345 765.0465517241379 523.7198641765705 254.5156507413509 457.3685950413223 634.5907590759076 829.8415841584158 522.6400651465798 265.0190174326466 755.1946624803768 519.5890850722311,357.17413793103447 361.3137931034483 366.8155172413793 449.76570458404075 639.5354200988468 646.904132231405 648.2260726072607 670.9884488448845 784.8583061889251 901.0554675118859 909.6028257456829 913.3916532905297
54,527.4623287671233 294.9222972972973 764.7870528109029 523.6404682274248 254.30694668820678 457.3142389525368 634.6296900489397 830.2282958199357 522.6144 264.4251968503937 755.6702954898911 519.6179245283018,365.93150684931504 370.0337837837838 375.2589437819421 457.5551839464883 646.4781906300485 653.59410801964 655.042414355628 677.6350482315113 791.2768 907.2267716535433 915.6905132192846 919.5314465408806
55,527.5570934256056 294.97084048027443 764.840830449827 523.7272727272727 254.24104234527687 457.3880597014925 634.8059210526316 830.4629032258065 522.6366559485531 264.20565149136576 756.0170807453416 519.7104430379746,369.961937716263 374.0308747855918 379.318339100346 461.3013468013468 649.5586319218241 656.8258706467661 658.1184210526316 680.6306451612903 794.1897106109325 909.8634222919937 918.4083850931677 922.2705696202531
56,0.0 0.0 0.0 0.0 0.0 0.0 0.0 0.0 0.0 0.0 0.0 0.0,0.0 0.0 0.0 0.0 0.0 0.0 0.0 0.0 0.0 0.0 0.0 0.0
57,0.0 0.0 0.0 0.0 0.0 0.0 0.0 0.0 0.0 0.0 0.0 0.0,0.0 0.0 0.0 0.0 0.0 0.0 0.0 0.0 0.0 0.0 0.0 0.0
58,0.0 0.0 0.0 0.0 0.0 0.0 0.0 0.0 0.0 0.0 0.0 0.0,0.0 0.0 0.0 0.0 0.0 0.0 0.0 0.0 0.0 0.0 0.0 0.0
59,0.0 0.0 0.0 0.0 0.0 0.0 0.0 0.0 0.0 0.0 0.0 0.0,0.0 0.0 0.0 0.0 0.0 0.0 0.0 0.0 0.0 0.0 0.0 0.0
60,0.0 0.0 0.0 0.0 0.0 0.0 0.0 0.0 0.0 0.0 0.0 0.0,0.0 0.0 0.0 0.0 0.0 0.0 0.0 0.0 0.0 0.0 0.0 0.0
61,0.0 0.0 0.0 0.0 0.0 0.0 0.0 0.0 0.0 0.0 0.0 0.0,0.0 0.0 0.0 0.0 0.0 0.0 0.0 0.0 0.0 0.0 0.0 0.0
62,0.0 0.0 0.0 0.0 0.0 0.0 0.0 0.0 0.0 0.0 0.0 0.0,0.0 0.0 0.0 0.0 0.0 0.0 0.0 0.0 0.0 0.0 0.0 0.0
63,0.0 0.0 0.0 0.0 0.0 0.0 0.0 0.0 0.0 0.0 0.0 0.0,0.0 0.0 0.0 0.0 0.0 0.0 0.0 0.0 0.0 0.0 0.0 0.0
64,0.0 0.0 0.0 0.0 0.0 0.0 0.0 0.0 0.0 0.0 0.0 0.0,0.0 0.0 0.0 0.0 0.0 0.0 0.0 0.0 0.0 0.0 0.0 0.0
65,0.0 0.0 0.0 0.0 0.0 0.0 0.0 0.0 0.0 0.0 0.0 0.0,0.0 0.0 0.0 0.0 0.0 0.0 0.0 0.0 0.0 0.0 0.0 0.0
66,0.0 0.0 0.0 0.0 0.0 0.0 0.0 0.0 0.0 0.0 0.0 0.0,0.0 0.0 0.0 0.0 0.0 0.0 0.0 0.0 0.0 0.0 0.0 0.0
67,0.0 0.0 0.0 0.0 0.0 0.0 0.0 0.0 0.0 0.0 0.0 0.0,0.0 0.0 0.0 0.0 0.0 0.0 0.0 0.0 0.0 0.0 0.0 0.0
68,0.0 0.0 0.0 0.0 0.0 0.0 0.0 0.0 0.0 0.0 0.0 0.0,0.0 0.0 0.0 0.0 0.0 0.0 0.0 0.0 0.0 0.0 0.0 0.0
69,0.0 0.0 0.0 0.0 0.0 0.0 0.0 0.0 0.0 0.0 0.0 0.0,0.0 0.0 0.0 0.0 0.0 0.0 0.0 0.0 0.0 0.0 0.0 0.0
70,0.0 0.0 0.0 0.0 0.0 0.0 0.0 0.0 0.0 0.0 0.0 0.0,0.0 0.0 0.0 0.0 0.0 0.0 0.0 0.0 0.0 0.0 0.0 0.0
71,0.0 0.0 0.0 0.0 0.0 0.0 0.0 0.0 0.0 0.0 0.0 0.0,0.0 0.0 0.0 0.0 0.0 0.0 0.0 0.0 0.0 0.0 0.0 0.0
72,0.0 0.0 0.0 0.0 0.0 0.0 0.0 0.0 0.0 0.0 0.0 0.0,0.0 0.0 0.0 0.0 0.0 0.0 0.0 0.0 0.0 0.0 0.0 0.0
73,0.0 0.0 0.0 0.0 0.0 0.0 0.0 0.0 0.0 0.0 0.0 0.0,0.0 0.0 0.0 0.0 0.0 0.0 0.0 0.0 0.0 0.0 0.0 0.0
74,0.0 0.0 0.0 0.0 0.0 0.0 0.0 0.0 0.0 0.0 0.0 0.0,0.0 0.0 0.0 0.0 0.0 0.0 0.0 0.0 0.0 0.0 0.0 0.0
75,0.0 0.0 0.0 0.0 0.0 0.0 0.0 0.0 0.0 0.0 0.0 0.0,0.0 0.0 0.0 0.0 0.0 0.0 0.0 0.0 0.0 0.0 0.0 0.0
76,730.4938271604939 548.9208754208754 933.923184357542 725.0903426791277 519.0051194539249 673.0224358974359 813.9656716417911 980.4660194174758 723.4283489096574 531.4571428571429 909.6219686162625 720.4621451104101,255.5756172839506 267.46127946127945 258.4413407821229 357.5623052959502 553.4948805460753 564.6634615384615 571.0776119402985 602.5312066574203 709.2803738317758 808.6722689075631 854.5406562054209 838.9716088328076
77,726.2009569377991 541.9759862778731 931.8964028776979 720.7491909385114 511.9321739130436 667.929392446634 810.8734756097562 979.2905982905984 719.1695721077656 524.4037800687286 907.566617862372 716.1591639871384,256.06379585326954 267.70668953687823 259.07913669064743 357.88349514563106 553.6886956521738 564.9146141215107 571.2393292682925 602.2763532763532 709.2916006339144 808.8951890034363 853.9472913616397 838.7588424437299
78,721.3983870967742 534.2631578947369 929.8421052631579 715.9001636661211 503.86200716845883 662.4620462046205 807.3681747269892 977.8231884057972 714.2728758169935 516.5755395683453 905.4036144578313 711.5107794361526,256.1354838709677 267.56315789473683 259.2368421052631 357.77086743044185 553.4731182795699 564.476897689769 570.7597503900156 601.5927536231884 708.6633986928103 808.706834532374 852.7063253012047 838.1044776119403
79,718.1374795417348 529.5759717314487 927.964705882353 712.8244147157191 499.00894454382825 658.8152542372882 804.8515007898894 976.3768545994068 711.2286184210526 511.68345323741005 903.8196969696971 708.2777777777779,256.2765957446808 267.56360424028264 259.4970588235294 357.94983277591973 553.5223613595706 564.5644067796609 570.5860979462875 601.2551928783382 708.3980263157894 808.6366906474819 852.2060606060605 837.8686868686867
80,712.0821256038648 520.2378472222222 924.9042709867455 706.7168576104748 489.2291296625222 651.8415841584158 800.3070866141733 974.3120464441222 705.0875202593193 502.282456140351 900.6375939849626 702.3471074380167,256.5442834138486 267.73958333333326 260.09278350515456 358.12929623567913 553.5115452930728 564.3960396039604 570.4645669291339 600.978229317852 708.1361426256077 808.7842105263157 851.1443609022555 837.398347107438
81,709.1853035143771 515.5599315068494 923.3054331864904 703.6629032258065 484.3368421052631 648.3534201954399 798.0263565891473 973.2442196531794 702.0887096774194 497.56643356643355 899.0823353293413 699.2,256.60543130990413 267.57705479452056 260.3230543318649 358.07580645161283 553.5140350877192 564.3241042345276 570.1689922480621 600.4942196531791 707.8048387096774 808.7185314685315 850.2919161676647 836.993388429752
82,705.464856230032 510.12991452991446 921.2518195050947 700.1807817589576 478.86713286713274 644.3218954248366 795.151937984496 971.5441389290881 698.5 492.015570934256 897.0535714285713 695.595744680851,256.8115015974441 267.63931623931626 260.688500727802 358.15798045602605 553.527972027972 564.2892156862745 570.0124031007753 600.2547033285095 707.604501607717 808.6418685121107 849.8139880952381 836.5810147299509
83,701.423322683706 504.21658206429777 918.834808259587 695.9885993485342 472.76338514680486 639.7250409165302 791.8356374807988 969.5405797101449 694.4919093851132 486.1269565217391 894.4625748502993 691.5838815789474,257.0623003194889 267.69712351945856 261.06489675516224 358.16123778501634 553.6044905008637 564.2929623567923 569.8341013824885 600.0014492753625 707.4676375404532 808.7913043478261 849.1497005988025 836.419407894737
84,697.4380032206119 498.6131260794474 916.4088888888889 692.0178861788618 466.8631578947368 635.1353135313532 788.6174183514775 967.4715328467153 690.4278768233387 480.1892361111111 892.0060606060606 687.4760330578514,257.0708534621578 267.6545768566494 261.22814814814814 358.25365853658536 553.6350877192982 564.1699669966998 569.8071539657853 599.7562043795621 707.228525121556 808.7708333333334 848.3621212121212 836.1438016528924
85,693.6273885350319 492.97948717948714 914.0954478707782 688.2628205128206 460.9691780821917 630.9601328903655 785.6381987577639 965.6671469740633 686.6258064516129 474.44599303135897 889.7324364723468 683.644262295082,257.3105095541402 267.5760683760684 261.51541850220264 358.2355769230769 553.5565068493152 563.983388704319 569.3478260869565 599.2636887608069 706.8774193548388 808.7630662020907 847.6337817638266 835.688524590164
86,689.6088328075709 487.07432432432427 911.6262773722627 684.207336523126 454.98625429553266 626.537216828479 782.4076923076923 963.6536796536797 682.5890850722311 468.6563573883161 887.1973094170404 679.6959349593496,257.4826498422713 267.62668918918916 261.96496350364964 358.3205741626794 553.6701030927835 563.8996763754045 569.3323076923077 598.9826839826841 706.7223113964689 808.8367697594502 846.9521674140509 835.409756097561
87,685.4896988906497 481.0844594594595 908.9307805596466 680.1268057784913 448.8510273972603 621.7642276422764 778.9207317073171 961.3999999999999 678.4000000000001 462.60344827586204 884.7533632286995 675.4749596122779,257.60855784469095 267.6081081081081 262.1502209131075 358.4109149277689 553.8030821917808 563.8113821138212 569.1829268292682 598.6826086956522 706.5152 808.9344827586207 846.3049327354261 835.2003231017771
88,676.4744408945687 468.510101010101 902.8261515601783 670.870607028754 435.86518771331055 611.8896210873147 771.3651771956856 955.8931185944361 669.3413461538462 449.84982935153585 878.407796101949 666.3854838709677,257.8562300319488 267.52356902356894 262.9153046062407 358.4376996805112 553.8293515358362 563.7742998352553 568.9167950693374 597.8931185944363 706.1794871794871 809.037542662116 844.6746626686656 834.4306451612903
89,671.6661316211878 461.9228187919464 899.1220238095239 666.1222222222223 429.0870307167236 606.5072933549433 767.2391975308642 952.7997076023391 664.5638977635783 443.0491525423729 874.9418777943368 661.5610932475885,258.03210272873196 267.42785234899327 263.0550595238095 358.5 553.7935153583618 563.580226904376 568.6666666666666 597.5058479532164 705.761980830671 809.0694915254237 843.9582712369597 834.1945337620579
90,666.9440677966102 455.49737302977235 895.7727272727273 661.3669421487604 422.5441696113075 601.2794612794614 763.1430894308943 949.6348228043146 659.8779264214047 436.576512455516 871.5015673981192 656.9069373942472,258.2186440677967 267.33975481611213 263.5360501567398 358.61487603305784 553.89222614841 563.5757575757576 568.3967479674798 597.1864406779661 705.7157190635452 809.193950177936 843.3902821316616 833.9289340101524
91,662.3923841059602 449.3793103448275 892.48 656.9458128078818 416.26943005181346 596.4612850082373 759.3942766295708 946.8753753753753 655.3366500829186 430.3944153577661 868.417445482866 652.3382838283828,258.4221854304636 267.54137931034484 263.8046153846154 358.5714285714286 553.944732297064 563.495881383855 568.3847376788553 596.993993993994 705.537313432836 809.5130890052357 842.6105919003116 833.5957095709571
92,658.1278317152104 443.6057046979866 889.3987915407855 652.6591639871383 410.27843803056027 591.9686468646864 755.7791601866251 943.9894894894895 651.2184466019419 424.68197278911566 865.3287671232877 648.0554649265905,258.4854368932039 267.42281879194627 263.9924471299093 358.5900321543408 554.0101867572155 563.4653465346535 568.1944012441678 596.5750750750751 705.2896440129449 809.5595238095239 841.8736681887367 833.3621533442088
93,653.2442996742672 437.30899830220716 885.7881097560976 647.8336025848142 403.99488926746164 586.5907590759076 751.5298742138365 940.5151057401813 646.3937908496732 418.0710571923743 861.662015503876 643.3141447368422,258.60749185667754 267.2716468590832 264.3323170731707 358.63166397415193 554.0187393526405 563.437293729373 568.061320754717 596.2749244712991 705.2173202614379 809.7019064124783 841.2434108527132 832.9605263157895
94,642.1461038961039 423.3540268456376 876.4931087289433 636.6878048780488 389.5366269165247 574.7516339869281 741.4905362776025 931.9622356495469 635.1188925081433 403.981228668942 852.5440494590417 632.0065252854812,258.8474025974026 267.16107382550337 265.13476263399696 358.7658536585366 554.0562180579216 563.3284313725491 567.7507886435332 595.6933534743204 704.7231270358307 809.9965870307167 839.8315301391035 832.4796084828712
95,637.0265339966833 417.07142857142856 872.4299065420561 631.8903436988542 383.05470085470085 569.5439469320066 737.134493670886 928.1467889908257 630.2854812398041 397.625641025641 848.6046875 627.176276771005,258.90878938640134 267.0170068027211 265.3504672897196 358.7495908346973 554.0290598290599 563.1907131011609 567.5601265822785 595.2935779816514 704.4600326264274 810.0598290598292 839.15625 832.1894563426688
96,633.0873146622735 411.8252100840336 869.514018691589 627.9624183006536 377.663807890223 565.2892561983471 733.5746031746032 925.2312404287902 626.3576051779935 392.25 845.6329704510109 623.2463054187192,258.9324546952225 267.0336134453782 265.52180685358263 358.6683006535948 554.1526586620926 563.1454545454546 567.4126984126984 594.7350689127105 704.3090614886731 810.2174657534247 838.452566096423 831.9146141215108
97,629.037520391517 406.5119047619047 866.2434514637903 623.9820846905537 372.2282793867121 560.9600665557405 730.1895734597157 922.3628048780488 622.3452188006484 386.97108843537416 842.5916149068322 619.2712418300654,259.0701468189233 266.9183673469388 265.8366718027735 358.8013029315961 554.2776831345825 563.1331114808651 567.2669826224327 594.483231707317 704.2123176661264 810.5051020408164 837.7779503105589 831.7042483660131
98,624.0348258706467 400.16695059625215 861.9575471698113 618.953795379538 365.91638225255974 555.699173553719 725.5153473344103 918.448062015504 617.3795379537954 380.6775300171527 838.4644549763033 614.395041322314,259.2106135986733 266.9352640545145 266.2657232704403 358.98679867986795 554.4641638225256 563.1404958677684 567.2294022617125 594.3813953488373 704.1617161716171 810.9313893653515 837.3333333333333 831.6528925619834
99,618.3387622149837 393.41344537815127 856.9250000000001 613.2414355628059 358.96763202725725 549.8069883527453 720.4552715654952 913.6145510835913 611.7858319604613 373.7760683760684 833.4109375 608.5829228243023,259.4201954397394 266.82016806722686 266.47187499999995 358.99673735725935 554.4735945485519 563.098169717138 567.0702875399361 593.9287925696593 704.0065897858319 811.0034188034186 836.5937499999999 831.487684729064
100,612.8260869565217 386.8419243986254 852.0499194847021 607.7762938230384 352.03645833333326 543.9224283305226 715.0422077922077 908.6803797468353 606.1224832214764 366.986230636833 828.4577352472088 602.9949238578679,259.38127090301003 266.6357388316152 266.597423510467 358.97161936560934 554.3315972222222 562.9494097807757 566.8068181818181 593.5696202531645 703.6728187919463 811.0619621342513 835.8022328548645 830.9881556683587
101,608.064039408867 381.0051194539249 847.9746434231379 603.1480263157895 346.1925042589437 539.0505050505051 710.9111470113086 904.7461059190031 601.623973727422 361.2555366269165 824.5885167464115 598.5761589403974,259.30541871921184 266.53071672354946 266.8700475435816 358.8256578947368 554.3713798977853 562.8905723905724 566.5201938610662 593.202492211838 703.4860426929393 811.2299829642249 835.116427432217 830.7947019867551
102,603.8686371100164 375.92542372881354 844.3152000000001 599.0182119205298 341.1209540034072 534.8926174496644 707.1925566343042 901.4552590266876 597.5287356321838 356.0803418803419 821.2142857142857 594.3805601317957,259.48111658456486 266.42033898305084 267.2128 359.00993377483445 554.626916524702 562.9580536912752 566.5194174757282 592.9968602825746 703.4761904761905 811.6683760683761 834.5809523809523 830.691927512356
103,599.4426229508197 370.4494195688226 840.4347133757963 594.6490939044481 335.5222602739726 530.1371237458194 703.0546623794213 897.6234375 593.0707236842104 350.73096446700515 817.377990430622 590.0248344370862,259.5590163934427 266.4278606965175 267.4331210191083 359.04283360790777 554.9195205479452 563.081939799331 566.5225080385852 592.7828125 703.4736842105265 812.1235194585448 834.2216905901117 830.683774834437
104,593.988543371522 363.9463986599666 835.3587301587303 589.1299342105264 329.0118243243243 524.3201970443351 697.7806451612904 892.5732283464567 587.6584564860427 344.1610169491526 812.4133545310016 584.500823723229,259.70867430441905 266.2294807370185 267.68095238095236 359.0657894736842 554.9054054054054 562.9835796387521 566.3725806451614 592.4141732283465 703.305418719212 812.1898305084745 833.5055643879174 830.4464579901154
105,587.9705400981996 357.3416666666667 829.6793650793652 583.2758620689655 322.3147208121827 518.4884868421054 692.3258064516131 887.3080568720379 581.8245033112582 337.4991568296796 806.8775834658188 578.6808510638298,259.5842880523732 265.96500000000003 267.8 358.8620689655173 554.8747884940778 562.7615131578948 566.1241935483871 591.8183254344392 702.9950331125829 812.2091062394605 832.5866454689985 830.0736497545009
106,582.7286184210527 351.1680672268908 824.5942947702061 578.1633663366338 316.0320945945946 512.9866888519135 687.1430894308944 882.3301737756714 576.4967105263158 331.2806722689076 802.0079744816588 573.3946932006634,259.63815789473676 265.8453781512605 268.1014263074485 358.93399339933995 554.8716216216216 562.8053244592346 565.8178861788618 591.6271721958926 702.8815789473683 812.5159663865545 832.1339712918659 829.8723051409617
107,578.3371522094926 346.0167224080267 820.5307443365696 573.7578772802653 311.044142614601 508.41584158415844 683.069918699187 878.2734499205087 572.2119205298014 326.26858108108104 798.0047619047618 569.0951585976628,259.82978723404256 265.8829431438127 268.43365695792875 359.0729684908789 555.1324278438029 562.8712871287129 565.7951219512195 591.4864864864865 702.8774834437086 812.9898648648648 831.6365079365078 830.0100166944907
108,573.9034941763728 340.9731092436975 816.3964401294498 569.3499170812605 305.8532423208191 503.94444444444446 678.9272727272727 874.2604501607717 567.9664429530201 321.1235194585448 794.0454545454545 564.8705882352941,259.88519134775373 265.8302521008403 268.6472491909385 359.0961857379767 555.2747440273038 562.9983164983165 565.9190082644628 591.2781350482314 702.9395973154361 813.5008460236886 831.2532467532468 829.9932773109243
109,568.8907284768211 335.3228476821192 811.4365971107543 564.3579638752052 300.03517587939695 498.8896321070234 674.1082390953151 869.3878205128206 562.9685430463576 315.3631756756756 789.2629032258064 559.8236272878535,259.9337748344371 265.6192052980133 268.8073836276084 359.0574712643678 555.356783919598 562.9347826086957 565.7172859450727 590.8125 702.6473509933775 813.739864864865 830.5258064516129 829.7154742096506
110,562.9867768595042 328.6507413509061 805.4976152623211 558.5188216039279 293.51320132013194 492.73070607553365 668.2866344605475 863.4688 556.9787581699347 308.91471571906357 783.453821656051 553.8519736842105,259.87438016528927 265.329489291598 268.97138314785366 358.97708674304414 555.3465346534653 562.7651888341543 565.415458937198 590.4239999999999 702.4444444444443 813.9080267558527 829.7802547770698 829.4490131578946
111,557.358803986711 322.49 799.842019543974 552.8388704318937 287.26013513513516 487.02010050251255 662.7892156862745 857.7548701298701 551.387417218543 302.5050505050506 777.7960848287113 548.1204013377926,259.8322259136213 265.1383333333333 269.17263843648215 359.0199335548173 555.3462837837837 562.7035175879398 565.2859477124183 590.0779220779222 702.4072847682119 814.2390572390573 829.2610114192497 829.2424749163881
112,552.4159869494289 317.15973377703824 794.9322580645161 548.174917491749 281.8654485049834 482.19800332778703 658.2162601626017 853.1239935587762 546.576354679803 297.18518518518516 773.3355048859935 543.455737704918,259.9869494290375 265.15474209650574 269.53548387096777 359.06765676567653 555.6129568106312 562.8386023294509 565.3121951219512 590.0933977455716 702.5041050903119 814.7491582491582 828.8045602605863 829.3885245901638
113,548.1376451077942 312.375415282392 790.753289473684 543.9483333333333 277.0755033557047 477.8322259136212 653.8522167487685 848.6801948051948 542.406611570248 292.6270903010033 769.1348684210525 539.205685618729,260.1442786069652 265.02990033222596 269.6019736842105 359.06333333333333 555.8825503355705 562.9700996677741 565.2298850574713 589.6590909090909 702.5338842975207 815.2040133779265 828.388157894737 829.2876254180603
114,543.1954022988506 307.17763157894734 785.5426731078907 539.0133111480866 271.93656093489153 472.9302325581396 649.0736497545008 843.636215334421 537.5323383084577 287.265100671141 764.1773399014778 534.3933884297521,259.855500821018 264.7828947368421 269.7455716586151 359.0366056572379 555.9465776293822 562.8704318936876 565.0376432078558 589.3507340946167 702.3333333333333 815.4496644295302 827.8637110016421 829.1074380165288
115,537.4766666666667 300.9750830564784 779.5799011532126 533.3619834710745 265.7454242928453 467.15268456375844 643.3262295081969 837.6513157894738 531.9148580968282 281.18350168350173 758.3858784893268 528.7130872483223,259.8933333333333 264.45847176079735 269.843492586491 358.9289256198348 555.9833610648918 562.7399328859061 564.8049180327868 588.8700657894736 702.0083472454091 815.6599326599327 827.144499178982 828.9580536912752
116,531.5148514851484 294.80132450331126 773.3300492610838 527.3986820428336 259.39434276206316 461.06301824212267 637.3004926108374 831.2901639344262 525.8779264214047 274.94 752.2339373970345 522.6661101836393,259.95049504950487 264.36920529801324 270.3957307060755 359.0016474464579 556.0099833610648 562.7860696517413 564.8243021346469 588.7377049180327 702.0551839464883 816.1316666666667 826.7907742998351 828.9048414023371
117,526.4264462809917 289.39610389610397 768.0082781456955 522.3421052631579 254.2132231404959 456.09000000000003 632.311986863711 825.9459016393444 520.9483333333334 269.60232945091514 746.9752475247526 517.6981450252952,260.03471074380167 264.18668831168833 270.5380794701987 359.0625 556.3338842975206 562.9116666666666 564.7536945812808 588.5885245901641 702.2033333333334 816.7420965058237 826.3547854785479 829.0387858347387
118,521.9022801302932 284.7892156862745 763.2029702970297 518.1518151815181 249.64401294498379 451.8887043189369 627.98352553542 821.2345276872965 516.6408566721581 265.03782894736844 742.6296900489397 513.5263157894736,260.0895765472313 264.045751633987 270.6419141914191 359.04290429042914 556.3948220064725 562.9800664451828 564.7084019769358 588.2785016286646 702.0988467874794 817.1710526315791 825.8352365415988 828.8684210526317
119,517.2824675324675 280.0472312703583 758.1816693944355 513.4373983739837 244.88709677419354 447.25653594771245 623.2820097244734 815.9867109634552 511.9655737704918 260.40130505709624 737.6307189542483 508.8778877887788,259.89935064935065 263.77687296416934 270.6399345335515 358.9430894308943 556.540322580645 562.7565359477125 564.4343598055106 587.9169435215946 702.0245901639345 817.4796084828711 825.3235294117648 828.7491749174916
120,511.96511627906983 274.55032467532465 752.20367278798 508.0610561056107 239.45888157894737 441.9267886855242 617.6897689768977 810.0216306156406 506.65016501650166 254.8585690515807 731.8455149501661 503.50167224080275,259.9734219269103 263.5957792207792 270.864774624374 358.96534653465346 556.5180921052631 562.7986688851914 564.2689768976896 587.5873544093178 701.9422442244224 817.8885191347754 824.8471760797344 828.7324414715719
121,505.93802345058623 268.52295081967213 745.7929292929293 502.295 233.5066225165563 436.04674457429047 611.6505016722408 803.4823529411764 500.8510998307952 248.76079734219266 725.6312292358803 497.63139931740614,259.99664991624786 263.4065573770491 271.08754208754203 358.9266666666667 556.6705298013245 562.8848080133556 564.3076923076923 587.4773109243696 701.9915397631133 818.3986710963454 824.516611295681 828.759385665529
122,500.3450000000001 263.00162074554294 739.8096828046745 496.8141447368422 227.98846787479408 430.58374792703154 606.0469011725293 797.2029702970297 495.23205342237065 243.27960526315786 719.752508361204 492.0016778523491,259.94 263.3679092382495 271.3489148580968 359.01480263157896 556.8995057660626 563.0265339966833 564.1943048576215 587.3069306930693 702.0233722871452 818.9095394736842 824.0903010033444 828.8909395973154
123,495.4212271973466 258.1845140032949 734.108695652174 491.7582236842105 223.12234910277326 425.73797678275287 600.9933444259567 791.5283333333334 490.41 238.52435064935065 714.3741721854303 487.27303182579567,259.8142620232172 263.05601317957166 271.36287625418055 359.0065789473684 557.1060358890702 563.0099502487561 564.2046589018302 586.9883333333332 701.985 819.3376623376623 823.6738410596025 828.8375209380234
124,490.8824503311258 253.70759289176092 728.9071310116086 487.35667752443 218.88654781199355 421.4016393442624 596.2939244663382 786.2378559463987 485.9752883031302 234.36850649350646 709.3416252072969 482.91196013289044,259.6920529801325 262.6768982229403 271.3665008291874 358.83224755700326 557.1118314424635 562.8 563.9638752052546 586.6750418760469 701.8500823723228 819.6850649350649 823.0895522388059 828.7275747508305
125,486.20033112582774 249.12724306688418 723.4725457570714 482.8019801980198 214.57165861513684 416.8552412645591 591.4316666666666 780.6220735785953 481.3725165562914 229.8694942903752 704.1409395973154 478.3205342237062,259.7847682119206 262.5448613376836 271.6239600665558 358.90264026402645 557.4412238325282 562.9267886855242 563.92 586.4013377926422 701.8129139072848 820.2185970636217 822.7466442953022 828.7929883138565
126,480.7577741407528 244.1621621621622 717.3621262458471 477.3571428571428 209.5287539936102 411.5672131147541 585.816091954023 774.3577371048251 475.9686468646865 224.68971061093245 698.1374172185431 472.9600665557403,259.87725040916524 262.4531001589825 271.782392026578 358.8896103896103 557.5926517571884 563.0901639344262 563.9852216748768 586.3227953410982 701.8976897689768 820.7331189710611 822.3874172185431 828.9051580698834
127,474.9483333333334 238.51701782820098 710.7851099830797 471.62828947368433 203.90453074433657 405.9783333333334 579.8868552412646 767.5775127768314 470.24455611390283 219.2100977198697 691.8395270270271 467.21105527638196,259.78333333333336 262.2706645056726 271.9238578680203 358.8815789473685 557.7233009708738 563.115 563.8768718801997 586.1345826235093 702.0251256281408 821.384364820847 822.0354729729731 828.959798994975
128,469.46393442622957 233.3880837359098 704.3424190800682 466.3169934640524 199.00652528548125 400.7123966942149 574.0483333333333 760.9795918367347 464.89166666666665 214.1479674796748 685.5000000000001 461.80634390651085,259.5688524590164 261.8357487922705 272.01022146507665 358.7238562091503 557.836867862969 563.1239669421487 563.7966666666666 585.8707482993198 701.95 821.6861788617886 821.575 828.9415692821369
129,464.8465346534654 229.1253968253968 698.7807757166947 461.5753646677472 194.78044871794873 396.2158154859967 569.1421487603305 755.1500843170319 460.2211055276382 209.92776886035313 680.1214165261382 457.2089552238806,259.6171617161716 261.56349206349205 272.0455311973019 358.6191247974068 557.9375 563.0675453047777 563.6148760330578 585.5092748735245 701.9514237855947 822.2985553772071 821.1669477234402 828.9966832504147
130,460.0263591433279 224.8426966292135 693.0494880546075 456.9258649093905 190.61316211878008 391.7549668874172 564.1711409395972 749.3056027164686 455.65776293823035 205.65528455284547 675.001689189189 452.59090909090907,259.63426688632615 261.4959871589085 272.18941979522185 358.74464579901155 558.2375601926163 563.1639072847682 563.6560402684564 585.2597623089983 702.0651085141903 822.749593495935 820.981418918919 828.9983164983165
131,455.00327868852463 220.3328025477707 687.0570469798657 452.03109656301154 186.28050713153723 387.1447154471545 558.7504132231405 743.1013513513514 450.74590163934425 201.31061806656103 669.0270270270271 447.66222961730455,259.58688524590156 261.328025477707 272.30369127516775 358.70212765957444 558.499207606973 563.3300813008129 563.5388429752066 585.1097972972973 702.0147540983606 823.3676703645008 820.6013513513514 829.179700499168
132,449.5690789473684 215.44145569620255 680.473949579832 446.6188925081434 181.65923566878985 381.8267326732673 553.0453781512605 736.2534246575342 445.2479061976549 196.54662379421222 662.7747440273038 442.3523489932886,259.53618421052636 261.1091772151899 272.4638655462185 358.6807817589577 558.611464968153 563.3267326732674 563.5647058823531 585.0239726027398 702.1624790619767 823.7942122186496 820.1860068259388 829.1946308724833
133,444.15548281505727 210.70541401273888 673.9814502529509 441.3596774193548 176.98582677165354 376.5623987034036 547.301482701812 729.4704890387859 439.95507487520797 191.7786624203822 656.3526405451446 436.9481605351171,259.3518821603928 260.6369426751592 272.4451939291737 358.55000000000007 558.6393700787402 563.3095623987034 563.3278418451401 584.6677908937605 702.0216306156406 824.375796178344 819.916524701874 829.1789297658864
134,439.3609756097561 206.3640699523053 667.8333333333334 436.4071661237785 172.78783151326053 372.03273322422257 541.860696517413 723.1962457337885 435.10909090909087 187.63116057233702 650.4536256323778 432.1865546218487,259.3089430894309 260.48807631160565 272.5187074829932 358.51140065146575 558.9157566302652 563.3453355155483 563.2968490878939 584.4590443686006 702.211570247934 824.9316375198728 819.618887015177 829.3126050420169
135,434.33497536945816 202.26409017713365 661.8262350936967 431.57283142389525 168.7615262321145 367.5277777777778 536.5866666666667 716.8264604810997 430.2996688741722 183.61648177496042 644.7116040955633 427.25963149078734,259.2807881773399 260.37520128824474 272.71379897785357 358.4713584288053 559.3020667726552 563.4836601307189 563.3300000000002 584.4123711340206 702.2913907284769 825.5087163232963 819.2354948805461 829.5477386934673
136,429.1416803953871 197.69826224328594 655.2082616179001 426.3963815789473 164.6253968253968 362.5016447368421 531.0372881355934 710.1764705882352 425.1878088962109 179.36783439490443 638.4027538726334 422.2347972972973,259.1103789126854 259.9273301737757 272.85714285714283 358.4358552631579 559.3269841269841 563.5625 563.2440677966102 584.1799307958478 702.3706754530477 826.1003184713376 819.0086058519794 829.6452702702703
137,423.6151315789473 193.10485133020342 648.3732876712329 421.0309446254072 160.0486656200942 357.4616639477977 524.9498327759197 703.0204429301533 419.69256198347114 174.73259493670884 631.7924528301888 416.76806722689076,258.9983552631579 259.4960876369327 272.85616438356163 358.33224755700326 559.4348508634223 563.4959216965742 563.1739130434784 583.9420783645655 702.3735537190081 826.5712025316456 818.728987993139 829.6705882352941
138,418.644844517185 188.9423676012461 642.1061643835617 416.0898692810457 156.21671826625388 352.7378640776699 519.5066225165563 696.2191780821919 414.7281713344317 170.7104430379747 625.6954314720812 411.84511784511784,258.9378068739771 259.4190031152648 272.9503424657534 358.27450980392155 559.6563467492261 563.6796116504854 563.1605960264902 583.7482876712329 702.5304777594729 827.238924050633 818.3350253807108 829.8013468013468
139,413.7920133111481 185.1513260530421 635.8037865748709 411.33934426229507 152.47441860465116 348.3784665579119 514.2520868113522 689.9268292682926 410.1483333333333 167.16746411483254 619.7452667814114 407.27702702702703,258.9467554076539 259.17784711388464 273.053356282272 358.23114754098367 559.9364341085271 563.6329526916804 563.1168614357263 583.5226480836237 702.5683333333335 827.8500797448166 818.1497418244408 829.9020270270271
140,409.07223113964693 181.37251908396948 629.586956521739 406.65814696485626 149.05864661654135 343.9433070866142 509.029605263158 683.2635135135137 405.4743589743589 163.52534562211986 613.9093959731543 402.6769983686786,258.76886035313004 258.90992366412206 273.1170568561873 358.202875399361 560.0781954887218 563.6582677165354 563.0855263157894 583.393581081081 702.6955128205127 828.4884792626729 817.9496644295302 830.2104404567699
141,403.6227642276422 177.05828220858896 622.7905405405404 401.39297124600637 144.8599397590361 339.0529695024076 503.04166666666674 676.1264957264956 400.07003257328984 159.1947852760736 607.1216216216217 397.37664473684197,258.6130081300813 258.5720858895706 273.1030405405405 357.9840255591055 560.1581325301205 563.7945425361156 563.0200000000001 583.1521367521367 702.6612377850162 829.1441717791411 817.6537162162163 830.15625
142,398.1625615763547 172.61526479750776 615.7625649913344 396.0099502487563 140.7686335403727 333.96241830065367 497.01689189189176 668.6961805555557 394.77190082644626 155.0015625 600.3129251700681 392.107202680067,258.48111658456486 258.16199376947037 273.11958405545926 357.922056384743 560.4285714285714 563.8284313725491 562.9510135135135 582.9652777777778 702.7636363636364 829.6484375000001 817.2823129251701 830.4539363484085
143,392.98509933774835 168.692426584235 609.0034722222222 390.91457286432154 136.97380585516177 329.16447368421046 491.1254180602006 661.696335078534 389.69028006589787 151.05772230889235 593.9896193771626 387.0890756302521,258.3990066225165 257.9613601236476 273.14062499999994 357.9179229480737 560.5993836671803 563.939144736842 563.0484949832776 582.9406631762652 702.9489291598023 830.3853354134164 817.1885813148789 830.7193277310924
144,388.4689984101749 165.42771982116244 602.8375209380233 386.50393700787396 134.0162721893491 325.2115085536547 486.14448051948045 655.0488215488215 385.32222222222214 148.00298953662178 587.9667774086379 382.63987138263667,258.37837837837844 257.7660208643815 273.30485762144053 357.87401574803147 560.9644970414201 564.2068429237947 562.9480519480519 582.8922558922559 703.2031746031746 831.0597907324365 817.0913621262459 830.9581993569132
145,383.6360759493671 162.00588235294117 596.2337228714524 381.68296529968455 130.8468335787923 320.74568288854005 480.6952998379254 648.3193277310925 380.496835443038 144.86397608370703 581.8 378.1558028616852,258.1819620253165 257.36323529411766 273.34724540901504 357.71451104100953 561.176730486009 564.2605965463108 562.8476499189627 582.6033613445379 703.1882911392405 831.8251121076233 816.7899159663864 831.0620031796503
146,378.55329153605027 158.2551622418879 589.555 376.7795275590551 127.52562225475843 316.415625 475.1440129449839 641.2996632996633 375.6588050314465 141.30588235294115 575.4049586776861 373.3460925039872,257.9623824451411 257.0929203539823 273.1066666666667 357.6204724409448 561.2825768667643 564.1671875 562.7168284789643 582.2592592592592 703.2672955974842 832.2985294117647 816.3983471074379 831.0781499202552
147,373.52215189873425 154.58832335329345 582.7579831932773 371.859872611465 124.03823529411765 311.7030015797789 469.2868852459017 634.0017064846417 370.7363344051448 137.86227544910182 568.8730964467005 368.39872408293473,257.9525316455696 256.8188622754491 273.21176470588233 357.56847133757964 561.6044117647059 564.2890995260664 562.7704918032788 582.2116040955633 703.4565916398714 833.0359281437126 816.2707275803724 831.4385964912279
148,368.76107594936707 151.3159463487332 576.1922428330523 367.3386075949367 121.14390602055798 307.6771159874608 463.94581280788174 627.2796610169491 366.1613924050633 134.82422451994094 562.8274111675127 363.89698890649765,257.79588607594934 256.68256333830107 273.37942664418205 357.63924050632903 561.9632892804698 564.5391849529781 562.9277504105089 582.1949152542372 703.6376582278481 833.9350073855244 816.2199661590524 831.7797147385102
149,364.23101265822777 148.08504398826977 569.7766666666665 362.6015748031496 118.17296511627906 303.56366459627327 458.62236628849274 620.4482173174873 361.57770800627935 131.8722466960352 556.555 359.459587955626,257.751582278481 256.4472140762464 273.37500000000006 357.66141732283467 562.2281976744187 564.6459627329192 562.9238249594814 582.0577249575551 703.9309262166406 834.6490455212924 816.1533333333333 832.0158478605389
150,354.8328220858896 141.624466571835 556.7063621533443 353.46932515337426 112.42636746143057 295.1285930408472 447.8645669291339 606.6633663366337 352.4605873261206 125.7988587731812 544.2231270358307 350.3748079877112,257.2990797546012 255.79089615931719 273.25122349102776 357.24233128834356 562.6058906030855 564.7927382753404 562.6881889763779 581.6138613861385 704.0200927357032 835.6947218259629 815.6563517915308 832.411674347158
151,350.17981072555204 138.45937961595277 550.2791878172587 348.6830427892234 109.46176046176048 290.8705148205928 442.4327390599675 599.9212328767123 347.70820189274446 122.67352941176468 537.8510998307953 345.70504731861195,257.27129337539435 255.3781388478582 273.2030456852792 357.4183835182251 562.8513708513709 564.8159126365056 562.8136142625609 581.6044520547946 704.3927444794954 836.4794117647059 815.6598984771575 832.6025236593063
152,345.4960254372019 135.39189189189193 543.9897084048029 344.21061093247596 106.6568914956012 286.70347003154575 437.20099667774093 593.0751748251748 343.37600000000003 119.75558867362147 531.8427350427352 341.32367149758454,257.22575516693166 255.2012012012012 273.2332761578045 357.3022508038585 563.0483870967743 564.9826498422713 562.9667774086378 581.6783216783216 704.536 837.2578241430699 815.7709401709402 833.02576489533
153,341.408 132.63501483679522 538.1073253833049 339.98550724637676 104.14598540145984 283.0707547169811 432.31946755407654 586.9392361111111 339.21578099838973 117.08456973293768 526.0633561643834 337.1394611727417,257.07199999999995 254.93620178041536 273.15161839863714 357.2946859903381 563.2408759124088 565.2264150943395 562.8752079866889 581.6197916666665 704.6409017713364 837.8679525222551 815.5941780821918 833.2694136291601
154,337.85167464114835 130.4468704512373 532.9505962521295 336.4889589905363 102.29565217391303 280.02028081123245 427.96649916247907 581.171875 335.5913461538461 115.16029411764703 520.9573378839591 333.61526232114466,256.64593301435406 254.52838427947597 273.1175468483816 357.1119873817035 563.2840579710146 565.1684867394696 562.8860971524289 581.3333333333335 704.5689102564104 838.2823529411766 815.4726962457338 833.3942766295708
155,331.63693270735524 127.16738816738818 523.4882154882155 330.49843260188084 99.51914893617021 274.8085758039816 420.642972536349 571.1295336787565 329.6431924882629 112.09315866084422 512.1332209106239 327.70625,256.6744913928012 254.11399711399704 273.26430976430976 356.99529780564256 563.6992907801417 565.3139356814701 562.7495961227787 581.2124352331606 704.9827856025038 839.2430858806405 815.2883642495784 833.7531249999998
156,328.4511041009464 125.22641509433963 518.7292724196277 327.3201267828843 97.89435600578871 271.9201877934272 416.6900489396411 566.015652173913 326.5007949125596 110.34014598540146 507.68941979522185 324.5276461295418,256.54889589905366 253.9782293178519 273.2233502538071 357.0459587955626 563.9623733719247 565.4569640062598 562.9412724306687 581.2156521739131 705.2861685214625 839.992700729927 815.2593856655291 834.1785150078988
157,322.25499231950846 121.62695035460993 509.8269550748753 321.3634945397817 94.55649717514125 266.53729071537293 409.44640000000004 556.5300171526586 320.44043887147336 106.91347517730495 499.03511705685634 318.5130970724191,256.2258064516129 253.4241134751773 273.11148086522456 356.72698907956317 564.1398305084746 565.5966514459664 562.8767999999999 581.0514579759863 705.4153605015674 840.6056737588652 815.2408026755853 834.3713405238827
158,317.7726574500768 119.2134831460674 502.9234608985026 316.70046801872076 92.62203626220362 262.76103500761036 403.96774193548384 548.9863713798978 315.9546165884194 104.74293785310735 492.2570951585977 314.0262345679012,256.0829493087558 253.20365168539325 273.12645590682195 356.80343213728554 564.4170153417016 565.7473363774734 562.9016129032259 581.0442930153323 705.5555555555557 841.5649717514125 815.262103505843 834.7191358024692
159,313.59876543209873 116.92405063291133 496.62913907284764 312.59906396255843 90.66806136680614 259.1187969924811 398.74758842443725 542.2293103448275 311.81959564541205 102.67514124293784 486.15562913907286 309.87652439024384,255.86111111111106 252.77777777777777 273.14569536423835 356.7067082683307 564.6136680613666 565.8466165413532 563.032154340836 580.9396551724137 705.6920684292379 842.1949152542372 815.2201986754966 835.0518292682926
160,310.5842349304482 115.62926136363636 491.8678929765887 309.70708661417325 89.55790960451978 256.7355623100304 395.120325203252 537.1889081455809 308.8615863141524 101.52421652421654 481.8305084745763 307.1081916537867,255.6908809891808 252.57670454545453 273.09364548494983 356.60787401574805 564.891242937853 565.9224924012158 562.9918699186992 580.944540727903 706.0015552099534 842.7863247863248 815.2118644067797 835.3153013910355
161,305.0741885625966 112.64225352112679 483.4128595600678 304.2417061611374 87.27221438645982 251.86686838124058 388.40422077922085 528.0035026269703 303.459842519685 98.87161198288159 473.65989847715736 301.6168224299066,255.5208655332303 252.15915492957745 272.9390862944163 356.39336492890993 564.9774330042313 566.0620272314675 563.0762987012987 580.7425569176884 706.1370078740157 843.5877318116976 815.19627749577 835.7040498442368
162,303.5023183925812 111.61386138613862 481.01677852348996 302.607535321821 86.25279329608938 250.46995377503856 386.4774193548388 525.65445026178 301.72939346811825 97.72443181818184 471.37837837837833 299.86427457098284,255.43585780525498 251.90806223479487 272.98322147651004 356.43171114599687 565.1801675977653 566.0416024653313 562.9612903225807 580.7905759162304 706.2550544323483 843.8451704545455 815.1841216216216 835.7035881435256
